Title,First Name,Surname,Date of Birth,Email,Phone,Address
Mr,John,Smith,15/03/1985,john.smith@example.com,(123) 456-7890,"123 Main St, Cityville, State, Zip Code"
Mrs,Emily,Johnson,22/08/1990,emily.johnson@example.com,(234) 567-8901,"456 Oak Ave, Townsville, State, Zip Code"
Miss,Emma,Williams,10/11/1995,emma.williams@example.com,(345) 678-9012,"789 Elm Rd, Villagetown, State, Zip Code"
Lord,Alexander,Thompson,02/05/1980,lord.thompson@example.com,(456) 789-0123,"012 Cedar Ln, Boroughburg, State, Zip Code"
Mr,Michael,Brown,18/09/1988,michael.brown@example.com,(567) 890-1234,"345 Maple St, Hamletville, State, Zip Code"
Mrs,Sophia,Davis,05/12/1982,sophia.davis@example.com,(678) 901-2345,"678 Pine Ave, Villageburg, State, Zip Code"
Miss,Olivia,Wilson,27/06/1993,olivia.wilson@example.com,(789) 012-3456,"901 Birch Rd, Countytown, State, Zip Code"
Mr,William,Anderson,09/01/1997,william.anderson@example.com,(890) 123-4567,"234 Cedar Ave, Townshire, State, Zip Code"
Mrs,Isabella,Martinez,14/04/1987,isabella.martinez@example.com,(901) 234-5678,"567 Pine Rd, Citytown, State, Zip Code"
Lord,Benjamin,Hernandez,31/07/1998,lord.benjamin@example.com,(012) 345-6789,"890 Oak Ln, Villageshire, State, Zip Code"
